year,lr,colour
2002,0.515900,b
2003,0.532192,b
2004,0.554600,b
2005,0.583789,b
2006,0.620660,b
2007,0.666393,b
2008,0.722511,r
2009,0.790959,r
2010,0.874218,r
2011,0.975443,r
2012,1.098657,r
2013,1.248999,r
2014,1.433062,b
